,ExtractedSeries,Citation
0,EWCA CIV,(2007) EWCA CIV 842
1,Costs LR,(1998) 2 Costs LR 59
2,AC,(1947)) AC 209
3,AC,(1980) A.C. 37
4,Ch,(1952) Ch 271
5,QBD,(1881) 8 QBD 587
6,Times Law Reports  March,Times Law Reports 18 March 2005)
7,Ch,[1984] Ch.290
8,QBD,(1889) 23 QBD 335
9,QBD,(1889) 23 QBD 335
10,QBD,23 QBD 335
11,The Times  March,The Times 11 March 1988)
12,Lloyds Rep,[1976] 2 Lloyds Rep 708
13,RPC,[1927] 44 RPC 151
14,ICR,[1993] I.C.R. 1
15,EWHC  QB,[2003]EWHC 15 (QB)
16,Costs LR,[2001] 1 Costs LR 118
17,Costs LR,[2001] 1 Costs LR 118
18,Costs LR,[1997] 2 Costs LR 46
19,Costs LR,[2003] 2 Costs LR 211
20,All ER,[1998] 2 All ER 301
21,EWHC  Ch,[2004] EWHC 63 (Ch.)
22,KB,(1910) 1KB 645
23,Ch,(1901) 1 Ch. 239
24,Ch,(1895) 1Ch 73
25,Ch,(1904) 2 Ch. 152
26,Ch,(1905) 2 Ch 137
27,Ch,(1905) 1 Ch 345
28,KB,(1908) 1K.B. 982
29,CH,(1893) 2 CH 413
30,WLR,(1996) 1 WLR 805
31,Beav,9 Beav. 117
32,Ch,[1911] 2 Ch. 355
33,Dowl,[1841] 9 Dowl 872
34,WN,[1884] WN 100
35,WN,[1884] WN 100
36,LJQB,(1877) 46 LJQB 365
37,P,[1955] P215
38,FLR,[2009]1 FLR 115
39,FLR,[1998] 2 FLR 418
40,FLR,[1994] 2 FLR 381
41,FLR,[1988] 2 FLR 490
42,FLR,[2008] 1 FLR 1108
43,FLR,[2011] 2 FLR 533
44,FCR,[1995] 3 FCR 321
45,Lloyds Reports,[1968] 2 Lloyds Reports 403
46,FLR,(2014) 2FLR 703
47,FLR,(1991) 2 FLR 192
48,FLR,(1998) 2 FLR 10
49,FLR,(2006) 2FLR 1071
50,FLR,(1991) 2FLR 192
51,say,"say, 12"
52,JRC,[2006] JRC 185
53,say,say) 17
54,FLR,(1983) 4 FLR 463
55,FLR,(1983) 4 FLR 463
56,SCHL,1978 SC(HL) 90
57,TLR,] TLR 293
58,FLR,(1981) 2 FLR 416
59,FCR,[2008] 2 FCR 185
60,Extradition LR,[2006] Extradition LR 176
61,WLR,[1980] 1 WLR 1410
62,FLR,[2009] 1 FLR 8
63,FLR,[2005] 1 F.L.R. 576
64,FLR,[2007] 1 F.L.R. 1760
65,FLR,[2007] 1FLR 1496
66,FCR,[2007] 1 FCR 33
67,Ch,(2005) Ch 281
68,WLR,[2001] 1 WLR1
69,FLR,[1995] 2FLR 668
70,JCA,[2005] JCA 066
71,JLR,2004 JLR 477
72,BLGR,[2011] BLGR 590
73,EWHC  Fam,[2021] EWHC 65 (Fam)
74,EWHC  Admin,[2020] EWHC 3274 (Admin)
75,EWHC  Admin,[2020] EWHC 3274 (Admin)
76,EWHC  Admin,[2020] EWHC 3274 (Admin)
77,EWHC  Admin,[2020] EWHC 3274 (Admin)
78,EWHC  Admin,[2020] EWHC 3274 (Admin)
79,EWHC  Admin,[2020] EWHC 3274 (Admin)
80,EWHC  Fam,[2007] EWHC 2003 (Fam)
81,EWHC  Fam,[2007] EWHC 2003 (Fam)
82,EWHC  Fam,[2014] EWHC 1871 (Fam)
83,EWHC  Fam,[2007] EWHC 623 (Fam)
84,EWHC  Fam,[2007] EWHC 623 (Fam)
85,EWHC  Fam,[2003] EWHC 2927 (Fam)
86,EWHC  Fam,[2020] EWHC 1238 (Fam)
87,EWHC  Fam,[2017] EWHC 2729 (Fam)
88,EWHC  Fam,[2017] EWHC 2729 (Fam)
89,EWHC  Fam,[2015] EWHC 2832 (Fam)
90,EWHC  Fam,[2003] EWHC 2327 (Fam)
91,EWHC  Fam,[2003] EWHC 2327 (Fam)
92,EWHC  Fam,[2014] EWHC 1650 (Fam)
93,EWHC  Fam,[2014] EWHC 1650 (Fam)
94,EWHC  Fam,[2017] EWHC 2211 (Fam)
95,EWHC  Fam,[2004] EWHC 2808 (Fam)
96,EWHC  Fam,[2018] EWHC 138 (Fam)
97,EWHC  Admin,[2006] EWHC 37 (Admin)
98,EWHC  Fam,[2002] EWHC 2278 (Fam)
99,EWCA Civ,[2012] EWCA Civ 1233
100,EWCA Civ,[2012] EWCA Civ 1233
101,EWCA Civ,[2012] EWCA Civ 1233
102,EWCA Civ,[2001] EWCA Civ 1545
103,EWCA Civ,[2005] EWCA Civ 634
104,EWCA Civ,[2017] EWCA Civ 31
105,EWCA Civ,[2013] EWCA Civ 69
106,EWCA Civ,[2018] EWCA Civ 550
107,EWCA Civ,[2017] EWCA Civ 182
108,UKHL,[2005] UKHL 37
109,Fam,[1993] Fam 95
110,AC,[1986] AC 112
111,AC,[1986] AC 112
112,AC,[1986] AC 112
113,AC,[1986] AC 112
114,AC,[1986] AC 112
115,AC,[1986] AC 112
116,Fam,[1992] Fam 11
117,Fam,[1992] Fam 11
118,Fam,[1992] Fam 11
119,Fam,[1992] Fam 11
120,Fam,[1992] Fam 11
121,Fam,[1992] Fam 11
122,Fam,[1992] Fam 11
123,Fam,[1992] Fam 11
124,Fam,[1992] Fam 11
125,Fam,[1992] Fam 11
126,Fam,[1992] Fam 11
127,Fam,[1992] Fam 11
128,Fam,[1992] Fam 11
129,Fam,[1992] Fam 11
130,Fam,[1992] Fam 11
131,Fam,[1992] Fam 11
132,Fam,[1992] Fam 11
133,Fam,[1992] Fam 11
134,Fam,[1992] Fam 11
135,Fam,[1992] Fam 11
136,Fam,[1992] Fam 11
137,Fam,[1992] Fam 11
138,Fam,[1992] Fam 11
139,Fam,[1992] Fam 11
140,Fam,[1992] Fam 11
141,Fam,[1992] Fam 11
142,Fam,[1992] Fam 11
143,Fam,[1993] Fam 64
144,Fam,[1993] Fam 64
145,Fam,[1993] Fam 64
146,Fam,[1993] Fam 64
147,Fam,[1993] Fam 64
148,Fam,[1993] Fam 64
149,Fam,[1993] Fam 64
150,Fam,[1993] Fam 64
151,Fam,[1993] Fam 64
152,Fam,[1993] Fam 64
153,Fam,[1993] Fam 64
154,Fam,[1993] Fam 64
155,Fam,[1993] Fam 64
156,Fam,[1993] Fam 64
157,Fam,[1993] Fam 64
158,Fam,[1993] Fam 64
159,Fam,[1993] Fam 64
160,Fam,[1993] Fam 64
161,Fam,[1993] Fam 64
162,Fam,[1993] Fam 64
163,Fam,[1993] Fam 64
164,Fam,[1993] Fam 64
165,Fam,[1993] Fam 64
166,Fam,[1993] Fam 64
167,Fam,[1993] Fam 64
168,Fam,[1993] Fam 64
169,Fam,[1993] Fam 64
170,Fam,[1993] Fam 64
171,Fam,[1993] Fam 64
172,Fam,[1993] Fam 64
173,Fam,[1993] Fam 64
174,Fam,[1993] Fam 64
175,AC,[1970] AC 668
176,AC,[1970] AC 668
177,Fam,[2005] Fam 366
178,AC,[1988] AC 199
179,Ch,[1971] Ch 993
180,Ch,[1969] 2 Ch 9
181,AC,[1990] 2 AC 1
182,Fam,[2005] Fam 326
183,Fam,[2019] Fam 45
184,QB,[2018] QB 487
185,QB,[2018] QB 487
186,QB,[2006] QB 539
187,AC,[2012] 2 AC 72
188,AC,[2006] AC 173
189,AC,[2001] 1 AC 617
190,AC,[2015] 1 AC 1430
191,AC,[1985] AC 871
192,WLR,[2011] 1 WLR 344
193,WLR,[2002] 1 WLR 419
194,WLR,[2020] 4 WLR 127
195,WLR,[2019] 1 WLR 5403
196,WLR,[2019] 1 WLR 5403
197,WLR,[2019] 1 WLR 5403
198,WLR,[2019] 1 WLR 5403
199,WLR,[2019] 1 WLR 5403
200,WLR,[1994] 1 WLR 290
201,WLR,[2013] 1 WLR 3021
202,WLR,[2019] 1 WLR 594
203,WLR,[2017] 4 WLR 74
204,WLR,[2020] 4 WLR 96
205,FLR,[2013] 1 FLR 677
206,FLR,[2013] 1 FLR 677
207,FLR,[2013] 1 FLR 677
208,FLR,[1993] 2 FLR 163
209,FLR,(1981) 2 FLR 239
210,FLR,(1981) 2 FLR 239
211,FLR,[1993] 1 FLR 386
212,FLR,[1993] 1 FLR 386
213,FLR,[2009] 1 FLR 443
214,FLR,[2009] 1 FLR 443
215,FLR,[1997] 2 FLR 180
216,FLR,[1997] 2 FLR 180
217,FLR,[2007] 2 FLR 1083
218,FLR,[2007] 2 FLR 1083
219,FLR,[2004] 2 FLR 949
220,FLR,[2018] 2 FLR 111
221,FLR,[2016] 2 FLR 235
222,FLR,[1993] 1 FLR 574
223,FLR,[1998] 2 FLR 810
224,FLR,[1999] 2 FLR 1097
225,FLR,[2004] 2 FLR 1117
226,FLR,[2004] 2 FLR 1117
227,FLR,[2018] 1 FLR 948
228,FLR,[1997] 2 FLR 426
229,FLR,[2003] 1 FLR 292
230,FLR,[1996] 2 FLR 99
231,FLR,[1985] FLR 134
232,UKSC,[2019] UKSC 42
233,UKSC,[2019] UKSC 42
234,UKSC,[2019] UKSC 42
235,UKSC,[2019] UKSC 42
236,UKSC,[2019] UKSC 42
237,UKSC,[2012] UKSC 2
238,UKSC,[2015] UKSC 11
239,SCR,[2002] 4 SCR 429
240,SCR,[2002] 4 SCR 429
241,EWCOP,[2015] EWCOP 76
242,EWCOP,[2014] EWCOP 1317
243,EWCOP,[2019] EWCOP 24
244,EWCOP,[2020] EWCOP 4
245,AC,[1972] AC877
246,Ch,[1993] Ch. 223
247,AC,[2004] 1 AC 260
248,CLC,[2009] 2 CLC 226
249,BCC,[2007] BCC54
250,EWCA Civ,2013] EWCA Civ1147
251,EWCA Civ,[2014] EWCA Civ1101
252,Fam,"Fam), [2016] 1"
253,QB,[1981 QB 720
254,FCR,[2014] 3 FCR 405
255,FCR,[2013] 3 FCR 559
256,Case C,Case C-393/18
257,Case C,Case C281/02
258,FLR,(1982) 3 FLR 386
259,EWHC  Fam,2013] EWHC 3064 (Fam)
260,FCR,[2011] 1 FCR 141
261,PIQR P,[1998] PIQR P324
262,EWHC  Fam,[2005] EWHC 733 Fam
263,UKHL,[2006] UKHL51
264,FLR,[2008] 1 FLR 251
265,EWHC  Fam,2013] EWHC 3064 (Fam)
266,FCR,[2011] 1 FCR 141
267,EWHC  Fam,2013] EWHC 3064 (Fam)
268,LA,LA (19
269,FCR,[2011] 1 FCR 141
270,EWFC,2018 EWFC 1
271,EWHC  FamAdmin,[2002] EWHC 18 (Fam/Admin)
272,FCR,[1998] 1 FCR 498
273,Bland case,Bland case
274,Bland case,Bland case
275,EWHC  Admin,[2003] EWHC 155 Admin
276,EWCA Civ,[2001] EWCA Civ1151
277,Fam,[1988] Fam. 122
278,WLR,[2000] 1WLR 977
279,FCR,[2003] 1 FCR 266
280,SWd,842 S.W.2d 588
281,AC,[2003] 1 AC959
282,say,say 1
283,CLR,(1982) 149 CLR 337
284,NSWCA,[2010] NSWCA 111
285,NSWCA,[2010] NSWCA 111
286,LR  CP,(1875) LR 10 CP 196
287,EWCA Civ,[2013] EWCA (Civ) 394
288,Ch,[1907] 2 Ch. 1
289,NZLR,[1992] 1 NZLR 294
290,NSWSC,[2011] NSWSC 1301
291,Ch,[1934] Ch. 338
292,Lloyds Rep,[1991] 1 Lloyd's Rep. 136
293,FCR,[1995] 1 FCR 465
294,FCR,[1995] 3 FCR 735
295,IRLR,[1988] I.R.L.R. 388
296,IRLR,[1989] I.R.L.R. 522
297,CLC,[2001] CLC 1412
298,KIR,(1971) 11 KIR 413
299,EWHC Ch,[2009] EWHC 2785(Ch)
300,Ch,(2000) Ch 602
301,ER,46 ER 205
302,ER,11 E.R. 1242
303,All ER,(1999) 4 All ER 546
304,WTLR,[2001] WTLR 901
305,WTLR,[2001] WTLR 901
306,OPLR,[2003] OPLR 281
307,OPLR,[2003] OPLR 281
308,EWHC  Ch,[2004] EWHC 749 Ch
309,WLR,[1964]1 WLR 451
310,All ER,[1964] 1 All ER 367
311,ALL ER,[1999] 1 ALL ER 400
312,LR  CH APP,[1874] LR 9 CH APP 244
313,CLC,[1999] C.L.C 1469
314,say,say 5
315,App Cas,(1889) 14 App Cas 665
316,App Cas,(1879) 4 App Cas 801
317,Bing NC,(1838) 4 Bing NC 212
318,Bing NC,4 Bing NC 212
319,LT,(1901) 83 LT 754
320,CLR,(1911) 13 CLR 35
321,US,540 US 398
322,AC,1949] AC 398
323,AC,1912] AC 149
324,QBD,(1889) 23 QBD 598
325,QBD,(1889) 23 QBD 598
326,QBD,(1889) 23 QBD 598
327,QBD,(1888) 22 QBD 23
328,Lloyds LR,[2006] 1 Lloyds LR 121
329,Lloyds L R,[2002] 2 Lloyds L R 293
330,NSWCA,[2009] NSWCA 177
331,NZLR,[1984] 1 NZLR 354
332,Com LR,[1981] Com LR 74
333,Lloyds Rep Med,[1998] Lloyds Rep Med 116
334,Lloyds Rep Med,[1998] Lloyd's Rep Med 116
335,SC,[1940] SC 141
336,AC,[2009] 1 AC 1101
337,say,"say, 2"
338,CLR,(1977) 180 CLR 266
339,ER,98 ER 1243
340,App Cas,(1888) 13 App Cas 88
341,App Cas,(1885) 11 App Cas 84
342,Cowp,(1777) 2 Cowp 565
343,LT,(1904) 90 LT 474
344,LT,(1907) 97 LT 263
345,SC,[2001] SC 653
346,SC,[2001] SC 653
347,LJKB,(1911) 81 LJKB 465
348,EWHC Ch,[2011] EWHC (Ch) 257
349,ChD,(1887) 6 ChD 70
350,say,"say, 29"
351,BCLC,[1999] 1BCLC 433
352,BCLC,[2002] 1BCLC 613
353,BCC,(1993) BCC 646
354,LR  HL,1872) LR 5 HL 480
355,LR  HL,[1867] LR 2 HL 99
356,Ch D,23 Ch D 654
357,DLR,[1952] 3 DLR 1
358,say,say 100
359,CA,177 CA 2006
360,AC,[2016] AC742
361,Ch,[1987] Ch.117
362,WLR,[2013] 1 WLR1556
363,ALR,(1978) 18 ALR 1
364,Ch,[1988] (Ch) 477
365,Ch,[1988] (Ch) 477
366,Ch,[1991] (Ch) 164
367,Ch,[1991] (Ch) 164
368,Ch,[1991] (Ch) 164
369,Ch,[1991] (Ch) 164
370,WLR,[2010] 1WLR 2793
371,ER,38 E.R. 252
372,BCC,[2004] B.C.C. 835
373,Ch,[1998] Ch. 1
374,NSWCA,[2010] NSWCA 268
375,BCC,[1996] B.C.C. 155
376,NSWSC,[2002] NSWSC 17
377,VLR,[1951] V.L.R. 458
378,PIQR P,[1998] PIQR P324
379,US,328 U.S. 293
380,F Supp d,769 F. Supp. 2d 340
381,F Supp,507 F. Supp. 1225
382,The Times July,"The Times, July 26, 2000"
383,Lloyds Rep,[1993]1 Lloyd’s Rep 25
384,say,say 21
385,ChD,(1885) 28 ChD 586
386,Lloyds Rep,[1982] 1 Lloyds Rep 506
387,CSOH,[2013] CSOH 120
388,EWHC  Comm,[2010] EWHC 3199 (Comm.)
389,EWHC  Comm,[2010] EWHC 3199 (Comm.)
390,HL Cas,(1850) 3 HL Cas 1
391,say,"say, 100"
392,BPIR,[1996] BPIR 196
393,CP Rep,[2002] CP Rep. 14
394,WLR,[1962] 1 WLR. 295
395,WLR,[1995] 1 WLR 68
396,Jenkins,Jenkins 1
397,Jenkins,Jenkins 1
398,Jenkins,Jenkins 1
399,Jenkins,Jenkins 1
400,Jenkins,Jenkins 1
401,Jenkins,Jenkins 1
402,Jenkins,Jenkins 1
403,Jenkins,Jenkins 1
404,Jenkins,Jenkins 1
405,Jenkins,Jenkins 1
406,Jenkins,Jenkins 1
407,Jenkins,Jenkins 1
408,Jenkins,Jenkins 1
409,Jenkins,Jenkins 1
410,Jenkins,Jenkins 1
411,Jenkins,Jenkins 1
412,Jenkins,Jenkins 1
413,Jenkins,Jenkins 1
414,Jenkins,Jenkins 1
415,Jenkins,Jenkins 1
416,Jenkins,Jenkins 1
417,Jenkins,Jenkins 1
418,Jenkins,Jenkins 1
419,Jenkins,Jenkins 1
420,Jenkins,Jenkins 1
421,Jenkins,Jenkins 1
422,Jenkins,Jenkins 1
423,Jenkins,Jenkins 1
424,Jenkins,Jenkins 1
425,Jenkins,Jenkins 1
426,Jenkins,Jenkins 1
427,Jenkins,Jenkins 1
428,Jenkins,Jenkins 1
429,Jenkins,Jenkins 1
430,Jenkins,Jenkins 1
431,Jenkins,Jenkins 1
432,Jenkins,Jenkins 1
433,Jenkins,Jenkins 1
434,Jenkins,Jenkins 1
435,Jenkins,Jenkins 1
436,Jenkins,Jenkins 1
437,Jenkins,Jenkins 1
438,Jenkins,Jenkins 1
439,Jenkins,Jenkins 1
440,Jenkins,Jenkins 1
441,Jenkins,Jenkins 1
442,say,say 95
443,SLT,1982 SLT 533
444,SLT,1982 SLT 533
445,Beavan,(1855) 20 Beavan 632
446,Case C,Case C23/83
447,Case,Case 170/84)
448,Cases,Cases 75/82)
449,Case,Case 151/84
450,Case,Case 318/86)
451,Case,Case 109/88)
452,Case,Case 109/88)
453,Pen LR,[2001] Pen LR 51
454,Pen LR,[2001] Pen LR 283
455,Owen,Owen (1
456,Owen,Owen (1
457,CLR,(1962) 109 CLR 649
458,App Cas,(1881) 6 App Cas 251
459,Ch D,(1888) 39 Ch D 339
460,CLC,[2009] 1 CLC 909
461,CLR,(1984) 156 C.L.R. 41
462,CLR,(1939) 61 CLR 457
463,CLR,61 CLR 457
464,CLR,"60 C.L.R., 150"
465,NSWCA,[2010] NSWCA 268
466,NSWCA,[2010] NSWCA 268
467,NSWCA,[2001] NSWCA 187
468,NSWSC,[2002] NSWSC 17
469,ALR,(1987) 70 ALR 419
470,Ch,"Ch), [2014] 1"
471,Ch D,(1885) 29 Ch D 459
472,Ch D,(1876) 2 Ch D 663
473,Lloyds Rep,[1979] 2 Lloyds Rep 391
474,Lloyds Rep,[2007] 1 Lloyds Rep 264
475,HLC,7 HLC 750
476,HL Cas,7 HL Cas 750
477,Str,(1722) 1 Str. 505
478,CLC,[2011] 1 CLC 701
479,CLC,[2013] 1 CLC 662
480,CLC,[1996] CLC 518
481,CLC,[1998] CLC 277
482,Lloyds Rep,2 Lloyd’s Rep 61
483,WLR,1973 1 WLR 1549
484,WLR,[2000] 1WLR 1484
485,Case C,Case C-117/02
486,Cases C,Cases C-6/90
487,Cases C,Cases C-6/90
488,Cases C,Cases C-430/93
489,Case C,Case C-62/93
490,ECR,[1978] ECR 629
491,case,case 106/77
492,Case,[(Case 106/77
493,Case,Case 6/60
494,Case,Case 33/76
495,ENVLR,[2008] ENV.L.R 34
496,ENV LR,[2009] ENV LR 27
497,Env LR,[2006] Env. L.R.8
498,Env LR,[2005] Env. L.R.16
499,JPL,[2001] JPL 786
500,EWHC Admin,[2011] EWHC 97(Admin)
501,AC,[2012] 1AC 1
502,WLR,[2008] 1 WLR 1587
503,WLR,[2011] 1 WLR 268
504,WLR,[2008] 1WLR 1587
505,WLR,[1990]1WLR 1545
506,Case C,Case C-127-02
507,Case C,Case C128/09
508,case C,case C-456/08
509,NICA,[2011] NICA 17
510,Med LR,[1990] 1 Med LR 119
511,EWHC  Admin,2013] EWHC 2575 (Admin)
512,EWHC Admin,[2008] EWHC 1812(Admin)
513,EWCA CIV,[2002] [EWCA CIV1012
514,EWCA Civ,[2003] EWCA Civ.140
515,EWCA Civ,[2011] EWCA Civ.157
516,EnvLR,[2002]Env.L.R.14
517,Env LR,[2003] Env. L.R.28
518,Env LR,[2004] Env. L.R.21
519,EnvLR,[2004] Env.L.R.29
520,Env LR,[2011] Env. L.R.27
521,Env LR,[2011] Env. L.R. 5
522,Med LR,[1990] 1 Med. L.R. 219
523,EWHC QB,[2008] EWHC1934 (QB)
524,EWHC  Admin,[2007] EWHC (2134 (Admin)
525,EWHC Admin,[2013] EWHC (Admin) 682
526,MHLR,[2005] 1 MHLR 17
527,MHLR,[2005] 1 MHLR 17
528,LGR,[1985] 84 LGR 168
529,EWCA Civ,[2011] EWCA Civ.453
530,EWHC  Admin,[2002[ EWHC 1292 (Admin)
531,CH,[1971] CH.700
532,AC,(1972) AC 217
533,WLR,[2004] 1 WLR 378
534,ELR,[1998] ELR 319
535,EWHC  Admin,[2009] [EWHC 1732] (Admin)
536,EWHC  Admin,[2011] [EWHC 1332] (Admin)
537,EWHC  Admin,[2011] [EWHC 1332] (Admin)
538,EWCA Civ,[2012] [EWCA] Civ 376
539,EWCA Civ,[2012] [EWCA] Civ 376
540,EWCA Civ,[2002] [EWCA Civ 498]
541,EWCA Civ,[2010] [EWCA Civ 1345]
542,US,397 US 254
543,AC,[1962] [A.C. 322
544,AC,[1985 AC 374]
545,AC,[1992 1 AC 58]
546,AC,[2000] 2AC115
547,AC,[2003] 2AC430
548,WLR,[2002] 1WLR 419
549,MHLR,[2003] MHLR 381
550,EWHC  Admin,[2005] EWHC 1669 (Admin.)
551,UKHL,[2001]UKHL 47
552,AC,[1997] AC 286
553,AC,[1994] 1 AC 531
554,EWCA Crim,[2005] EWCA Crim. 2395
555,Imm AR,[2003] Imm AR 1
556,Imm AR,[2003] Imm AR 1
557,Imm AR,[2003] Imm AR 1
558,Imm AR,[2003] Imm AR 1
559,HCJAC,[2014] HCJAC 33
560,EWHC J,[1999] EWHC J1105-6
561,EWHC  Admin,[2004] EWHC 779 Admin.
562,LGR,[1979] 77 LGR 689
563,EWHC  Admin,[2012] EWHC 2542 (Admin)
564,NZLR,[1981] 1 NZLR 172
565,LGR,(1985) 84 LGR 168
566,LGR,(1985) 84 LGR 168
567,JPL,[1998] JPL 1073
568,COD,[1996] COD 479
569,WIR,(1999) 57 WIR 62
570,EWCA Civ,[2013] EWCA Civ 1345
571,LGR,(1985) 84 LGR 168
572,LGR,(1988) 87 LGR 435
573,Admin LR,(1990) 2 Admin LR 822
574,say,say 6
575,NIQB,[2004] NIQB 67
576,HLR,(1999) 32 HLR 439
577,HLR,(1995) 28 HLR 72
578,HLR,(2000) 32 HLR 636
579,Bell,Bell 1
580,Bell,Bell 1
581,Bell,Bell 1
582,LGR,80 LGR 534
583,EWCA Civ,2018] EWCA Civ 54
584,Case,Case 30/77)
585,EWHC  Admin,[2006] EWHC 2148 Admin.
586,EWHC  Admin,[2007] EWHC 2729 Admin
587,EWHC  Comm,[2013] EWHC 3560 (Comm)
588,WLR,[2013] 3 WLR 1020
589,ER,(1772) 98 ER 499
590,say,say) 6
591,case T,case T-237/08
592,Cases C,Cases C-300/98
593,Cases C,Cases C-300/98
594,Case C,Case C- 149/11
595,Case C,Case C547/14
596,Cases C,Cases C-171/07
597,Cases C,Cases C-171/07
598,Case C,Case C-398/13
599,cases C,cases C-20/00
600,Cases C,Cases C-293/12
601,Cases C,Cases C-403/08
602,Cases C,Cases C-92/92
603,Case C,Case C280/93
604,Cases C,Cases C-37/02
605,Case C,Case C119/12
606,ECR I,[1996] ECR I-3953
607,ECR I,[1994] ECR I-5267
608,SC,2013 SC 221
609,Case,Case 174/82
610,Case,Case 174/84
611,Case,Case 174/84
612,Case,Case 265/87
613,Case,Case 265/87
614,Case,Case 52/81
615,HCA,[2012] HCA 43
616,HCA,[2012] HCA 43
617,CSIH,[2012] CSIH 80
618,BLGR,[2012] BLGR 530
619,BLGR,[2009] BLGR 843
620,say,say 100
621,SC,[2004] SC 665
622,ECR,[1978] ECR 629
623,Case,Case 106/77
624,Case,Case-331/88
625,AD d,88 A.D. 3d 1
626,NEd,750 N.E.2d 1097
627,NE d,645 N.E. 2d 1195
628,US,476 US 858
629,AD d,95 A.D. 3d 185
630,Lloyds Rep,[2000] 2 Lloyds Rep 611
631,Ad,789 A2d 14
632,BCLC,[2011] 1 B.C.L.C. 352
633,F Supp,628 F. Supp. 727
634,ADd,180 A.D.2d 562
635,F Supp d,760 F. Supp. 2d 322
636,F Supp d,748 F. Supp. 2d 211
637,NYSd,643 N.Y.S.2d 33
638,F Supp,601 F. Supp. 770
639,US,445 U.S. 222
640,ADd,22 A.D.3d 274
641,ADd,172 A.D.2d 375
642,F Supp,998 F. Supp. 314
643,NYSd,846 N.Y.S.2d 336
644,NYSd,846 N.Y.S.2d 336
645,NYd,6 N.Y.3d 783
646,AD d,170 A.D. 2d 388
647,ADd,14 A.D.3d 971
648,AD d,15 A.D. 3d 444
649,ADd,247 A.D.2d 565
650,ADd,307 A.D.2d 234
651,F Supp d,619 F. Supp. 2d 39
652,ADd,239 A.D.2d 171
653,FSuppd,485 F.Supp.2d 224
654,F Supp d,765 F. Supp. 2d 403
655,ADd,27 A.D.3d 312
656,ADd,16 A.D.2d 763
657,NY Sd,227 N.Y. S.2d 735
658,NYd,8 N.Y.3d 422
659,ADd,132 A.D.2d 162
660,NYd,3 N.Y.3d 182
661,NY d,18 N.Y. 3d 777
662,NYSd,541 N.Y.S.2d 797
663,ADd,300 A.D.2d 732
664,NYSd,568 N.Y.S.2d 756
665,ADd,132 A.D.2d 650
666,ADd,47 A.D.2d 648
667,NYd,10 N.Y.3d 187
668,ADd,50 A.D.3d 575
669,NYSd,856 N.Y.S.2d 104
670,NYd,18 N.Y.3d 527
671,US,195 US 309
672,ADd,227 A.D.2d 581
673,Lloyds Rep,[2011] 1 Lloyds Rep 123
674,Lloyds Rep,[2001]1 Lloyd's Rep 421
675,Lloyds Rep,[2006]1 Lloyd's Rep 93
676,Park,Park 1
677,Lloyds Rep,[1950] 83 Lloyd’s Rep 178
678,App Cas,(1889) 14 App Cas 337
679,LT,(1900) 83 LT 41
680,CLC,[1999] CLC 1469
681,CLC,[1999] CLC 1469
682,CLC,[2001] CLC 221
683,CLC,[2001] CLC 221
684,AC,[1928] AC1
685,Ch D,(1881) 17 Ch D 301
686,App Cas,(1884) 9 App Cas 187
687,Lloyds Rep,[2011] 1 Lloyd’s Rep 123
688,Lloyds Rep,[1985] 2 Lloyd's Rep. 28
689,Lloyds Rep,[1988] 2 Lloyd's Rep. 343
690,CLC,[2011] 1 CLC 701
691,CLC,[2011] 1 CLC 701
692,CLC,[2010] 2 CLC 705
693,CLC,[2013] 1 CLC 596
694,LR  Ch App,LR 10 Ch App 515
695,LR  Ch App,LR 10 Ch App 515
696,LR  Ch App,LR 10 Ch App 515
697,LR  Eq,(1874) LR 18 Eq 524
698,LR  Ch App,(1874) LR 10 Ch App 96
699,CLC,[2002] CLC 440
700,EG,(1981) 263 EG 61
701,EWHC  Comm,[2008] EWHC 1186 (Comm)
702,AC,[2007]1 AC 181
703,WLR,[2006]1 WLR 1476
704,PD,14 PD 64
705,Ch D,(1884) 28 Ch D 7
706,App Cas,(1889) 14 App Cas 337
707,Lloyds LR,[1991] 1 Lloyds LR 482
708,BCC,[2005] B.C.C. 506
709,CLR,(1977) 180 CLR 266
710,CLR,(1999) 198 CLR 180
711,CLR,(1985) 157 CLR 424
712,LR  HL,(1867) LR 2 HL 325
713,LR  Eq,(1873) L.R. 15 Eq. 204
714,NZLR,[1984] 1 NZLR 354
715,NZLR,[1992] 2 N.Z.L.R. 517
716,QB,[1990] 1 QB 665
717,Ch D,(1881) 17 Ch D 301
718,AppCas,(1884) 9 App.Cas 187
719,say,say 2
720,say,"say, 1"
721,say,"say, 3"
722,LR  Ch App,[1866] LR 2 Ch App 21
723,EWCA Civ,[2011] EWCA Civ. 153
724,Fortescue,Fortescue 1
725,Fortescue,Fortescue 1
726,F,4F4
727,EWCA Civ,[2007] EWCA Civ. 811
728,EWCA Civ,[2001] EWCA Civ. 735
729,EWCA Civ,[2003] EWCA Civ. 1447
730,EWCA Civ,[2003] EWCA Civ.570
731,Ch,[1991] Ch. 448
732,Ch,[1992] Ch.421
733,Ch,[1927] 1 Ch. 606
734,WLR,1998] 1 WLR 830
735,WLR,[1960] 1WLR 196
736,Lloyds Rep,[1997] 2 Lloyds Rep 369
737,Lloyds Rep,[1984] 1 Lloyds Rep 322
738,Lloyds Rep,[2007] 1 Lloyd’s Rep 264
739,CLR,(1986) 160 CLR 371
740,CLC,[1996] CLC 518
741,CLC,[1996] CLC 518
742,CLC,[1996] CLC 518
743,SGCA,[2007] SGCA 24
744,KB,(1933) 2 KB 616
745,AC,(1918) A.C.1
746,QBD,(1886) 17 QBD 275
747,Lloyds Rep,[2006] 1 Lloyd’s Rep 337
748,say,say 8
749,LR  Eq,(1865) LR 1 Eq 180
750,ALJR,(1978) 52 ALJR 20
751,EWCA Civ,[2016 EWCA] Civ 180
752,SC HL,[1914] S.C (H.L.) 18
753,cases C,cases C104/89
754,f,"1(f), 1"
755,Case,Case 161/84)
756,Case,Case 56/65)
757,Cases,Cases 56/64
758,EWHC QB,2011 EWHC 3298(QB)
759,EWHC  CH,2013 EWHC 3674 CH
760,Times Law Reports  January,Times Law Reports 26 January 1990)
761,The Times th January,The Times 26th January 1990
762,CLR,(1990) 170 CLR 573
763,ER,170 ER 1452
764,Ch D,39 Ch D 339
765,Lloyds Rep,[1989] 2 Lloyd's Rep. 277
766,Exch,(1848) 1 Exch 850
767,Campbell,(1813) 3 Campbell 477
768,CLC,[2010] 2 CLC 216
769,Fam,[1976] Fam. 238
770,AC,[1970] AC 166
771,AC,[2017] A.C.467
772,Ch,[1998] Ch. 1
773,ChD,(1889) 41 ChD 348
774,App Cas,(1889) 14 App Cas 337
775,Ch D,(1885) 29 Ch. D 459
776,Lloyds Rep,[1985] 1 Lloyd's Rep. 1
777,say,"say, 6"
778,win,win 8
779,CLC,[2006] 1 CLC 582
780,NSWCA,[2009] NSWCA 410
781,NSWCA,[1999] NSWCA 199
782,LR  HL,(1873) LR 6 HL 377
783,NZLR,[1977] 2 NZLR 225
784,CLC,[1996] CLC 174
785,App Cas,(1889) 14 App Cas 337
786,Ch D,(1881) 17 Ch D 301
787,AppCas,(1884) 9 App.Cas 187
788,App Cas,(1884) 9 App Cas 187
789,App Cas,(1884) 9 App Cas 187
790,App Cas,(1878) 3 App Cas 1218
791,LJ Ch,(1887) 56 LJ Ch 321
792,LJ Ch,(1887) 56 LJ Ch 321
793,say,"say, 1"
794,Say,Say 15
795,CLC,[2006] 2 CLC 1043
796,CLC,[2011] 1 CLC 701
797,CLC,[2007] 1 CLC 164
798,CLC,[2007] 2 CLC 223
799,CLR,(1931) 45 CLR 507
800,CLR,180 CLR 266
801,NSWCA,[2011] NSWCA 389
802,CLC,[1995] CLC 818
803,CLC,[2001] CLC 1412
804,CLC,[2001] CLC 1412
805,CLC,[1996] CLC 1958
806,NSWLR,[1974] 2 NSWLR 202
807,Lloyds Rep PN,[2001] Lloyd's Rep PN 189
808,EWCA Civ,[2010 EWCA Civ 1475
809,Ch,1895] 2 Ch 673
810,AC,[1922] 1A.C. 129
811,Lloyds Rep,[1994] 1 Lloyd's Rep. 633
812,SCC,(2017) SCC 63
813,CLC,[2010] 2 CLC 578
814,SAAMCO,SAAMCO
815,SAAMCO,SAAMCO
816,SAAMCO,SAAMCO
817,NZLR,[1996] 1 N.Z.L.R. 392
818,NZLR,[1996] 1 NZLR 392
819,CLC,[1996] CLC 174
820,NSWLR,(1987) 9 NSWLR 310
821,ALR,60 A.L.R. 1
822,HCA,[2001] HCA 31
823,Lloyds Rep PN,[2002] Lloyd's Rep. P.N. 127
824,Ch,[1977] Ch. 106
825,Ch,[2008] Ch. 244
826,Ch D,(1888) 39 Ch D 339
827,NZLR,[1977] 2 NZLR 225
828,BCLC,[2004] 2 B.C.L.C. 191
829,QB,[1968] 2 QB 710
830,ALL ER,[2010] 1 ALL ER 571
831,Lloyds Rep,[1985] 1 Lloyd's Rep. 1
832,Fam,[1976] Fam. 238
833,ALL ER,[2010] 1 ALL ER 571
834,Lloyds Rep IR,[2003] Lloyd's Rep IR 315
835,Lloyds Rep,1 Lloyd's Rep. 1
836,Lloyds LR,(1941) 71 Lloyds LR 15
837,Lloyds LR,(1950) 83 Lloyds LR 228
838,KB,[1920 3KB 571
839,ChD,(1884) 28 ChD 7
840,The Times  October,"The Times, 8 October 1998"
841,F Supp d,308 F. Supp. 2d 331
842,ER,(1813) 170 ER 1432
843,Lloyds Rep IR,[1998] Lloyd's Rep IR 421
844,UKHL,[2001] UKHL16
845,Ch,[1947] Ch. 506
846,Ch D,(1879) 11 Ch D 36
847,App Cas,(1880) 5 App Cas 685
848,App Cas,(1880) 5 App Cas 685
849,Lloyds Rep,[1985] 1 Lloyds Rep 1
850,say,say 100
851,CLC,[2014] 1 CLC 451
852,CLR,(1990) 170 CLR 573
853,F,1-F.5
854,Con LR,(1994) 45 Con LR 1
855,EWHC  Merc,[2009] EWHC 2500 (Merc)
856,say,say 6
857,CLC,[2011] 1 CLC 701
858,CLR,(2001) 208 CLR 516
859,NSWCA,[2014] NSWCA 51
860,LR  HL,LR 5 HL 656
861,LR  HL,LR 5 HL 656
862,CLC,[2001] CLC 1708
863,HCA,[2001] HCA 68
864,HCA,[2019] HCA 32
865,Ch,[1987] Ch. 38
866,Ch,[1987] Ch. 38
867,Ch,[1987] Ch. 38
868,Ch,[1987] Ch. 38
869,Ch,[1987] Ch. 38
870,WLR,[2000] 1 WLR1443
871,WLR,[2000] 1 WLR1443
872,WLR,[2000] 1 WLR1443
873,WLR,[2000] 1 WLR1443
874,WLR,[2000] 1 WLR1443
875,Ch D,(1882) 21 Ch. D 309
876,HLR,(1998) 30 HLR 785
877,say,"say, -15"
878,All ER,1940 3 All ER 60
879,EWHC  Comm,[2011] EWHC 848 Comm
880,All ER,1970 1 All ER 1094
881,Con LR,(1999) 70 Con LR 32
882,BLR,(1996) 82 BLR 81
883,EWCA  Civ,[2007] EWCA 443 (Civ)
884,EWCA  Civ,[2007] EWCA 1372 (Civ)
885,Exch,(1854) 9 Exch 341
886,CILL,[2003] CILL 2033
887,AC,[1996] A.C.344
888,AC,1933] AC 449
889,Ch,[1980] Ch. 297
890,WLR,[1972] 1 W.L.R 146
891,ER,151 ER 985
892,Lloyds Rep,[1993] 1 Lloyds Rep 25
893,Lloyds Rep,[1968] 1 Lloyds Rep 38
894,Con LR,(1990) 19 Con LR 25
895,Con LR,[1998] 61 Con LR 85
896,Con LR,19 Con LR 25
897,say,"say, 2"
898,say,"say, 200"
899,App Cas,(1889) 14 App. Cas 337
900,App Cas,(1884) 9 App Cas. 187
901,App Cas,(1889) 14 App Cas 337
902,App Cas,(1884) 9 App. Cas. 187
903,Lloyds Rep,[2000] 2 Lloyds Rep 611
904,Lloyds Rep,[1998] 2 Lloyds Rep 97
905,Lloyds Rep IR,[2000] Lloyd's Rep IR 535
906,say,"say, 5"
907,say,"say, 19"
908,say,"say, 17"
909,PIQR P,[2002] PIQR P8
910,CLR,(1999) 198 CLR 180
911,CLR,(1985) 156 C.L.R. 522
912,LR  CP,[1873] LR 8 CP 167
913,IRLR,(2002) IRLR 31
914,ALR,(1985) 60 A.L.R. 1
915,Con LR,[2000] 70 Con. L.R. 68
916,Con LR,[2000] 70 Con LR 68
917,Con LR,(1995) 46 Con LR 92
918,Con LR,(1995) 46 Con LR 92
919,Con LR,(1995) 46 Con LR 92
920,ALJR,(1978) 52 ALJR 20
921,AC,[1999] 1 A.C.82
922,TLR,(1913) 29 TLR 295
923,App Cas,(1889) 14 App. Cas. 337
924,Lloyds Rep,[1980] 1 Lloyd's Rep. 338
925,Lloyds Law Reports,[2001] 2 Lloyd’s Law Reports 76
926,LJQB,(1885) 55 LJQB 146
927,LR  QB,(1873) LR 8 QB 112
928,CLC,[1997] CLC 1370
929,Lloyds Rep,2 Lloyd’s Rep. 406
930,Con LR,(1987) 19 Con LR 25
931,EWHC  Ch,[2010] EWHC 2366 (Ch.)
932,Exch,(1848) 1 Exch. 850
933,ALJR,[1978] 52 ALJR 20
934,SGCA,[2014] SGCA 16
935,NTSC,[1999] NTSC 143
936,AC,[1914] AC 932
937,QB,[1988 QB 758
938,QB,[1991] 2 QB 113
939,say,"say, 6"
940,Cases T,Cases T-22/99
941,Case T,Case T700/14
942,Cases C,Cases C-285/99
943,EWHC  QB,2017] EWHC 3379 (QB)
944,Case C,[Case C- 496/99
945,Case C,Case C368/10
946,Case C,Case C331/04
947,Case,Case 265/87
948,HCJAC,[2015] HCJAC 49
949,EWCA Civ,[2013] EWCA Civ1
950,App Cas,(1881) 6 App Cas 251
951,Ch D,(1885) 31 Ch. D. 168
952,Lloyds Rep,"[1993] 1 Lloyd’s Rep, 397"
953,CLR,(1977) 180 CLR 266
954,EMLR,[1995] E.M.L.R. 472
955,CP Rep,[2002] C.P. Rep. 14
956,Ll L Rep,(1939) 63 Ll L Rep 175
957,Env LR,[2014] Env. L.R. 15
958,PTSR,[2018] P.T.S.R. 2090
959,PLCR,[1999] PLCR 12
960,NE,129 NE 889
961,HLR,(1998) 30 HLR 785
962,ICR,[1987] I.C.R. 700
963,Lloyds Rep IR,[1998] Lloyd's Rep IR 151
964,LR  Ex,(1871) LR 7 Ex 26
965,TCLR,(2000) 2 TCLR 724
966,Ch D,(1879) 11 Ch D 852
967,App Cas,(1878) 3 App Cas 430
968,AppCas,(1881) 6 App.Cas. 193
969,LR  HL,(1869) L.R. 4 H.L. 171
970,EWCA Civ,[2015] EWCA (Civ) 174
971,ER,93 E.R. 664
972,Strange,(1722) 1 Strange 505
973,say,say) 3
974,NIQB,[2012] NIQB10
975,NIQB,[2011] NIQB 121
976,cases C,cases C-46/93
977,ECR I,[1991] ECR I-3905
978,ECR I,[1991] ECR I-3905
979,Con LR,(1999) 67 Con LR 1
980,Con LR,(1999) 67 Con LR 1
981,NICA,[2012] NICA 48
982,NICA,[2012] NICA 48
983,EWHC  TCC,2016 EWHC 2856 (TCC)
984,EWCA Civ,2002 EWCA Civ 89
985,Ch D,(1881) 18 Ch D 449
986,App Cas,(1878) 3 App Cas 1124
987,LT,(1932) 147 LT 503
988,AC,[1985] AC 191
989,AC,[1983] 2AC 1
990,TLR,(1917) 33 TLR 475
991,LR  Ex,(1874) LR 9 Ex 125
992,Con LR,(1996) 51 Con LR 129
993,Con LR,(2001) 78 Con LR 188
994,Con LR,(2000) 78 Con LR 188
995,Con LR,(1984) 2 Con LR 1
996,Con LR,(1984) 2 Con LR 43
997,Estates Gazette,(1986) 277 Estates Gazette 1134
998,RTR,[1983] RTR 324
999,Cases C,Cases C-585/08
1000,Case C,Case C-265-00
1001,Case C,Case C363/99
1002,Case C,Case C487/07
1003,Cases C,Cases C-236/08
1004,ETMR,[2000] E.T.M.R. 1025
1005,ETMR,[2015] E.T.M.R. 26
1006,ETMR,[2015] E.T.M.R. 26
1007,ETMR,[2015] E.T.M.R. 16
1008,RPC,(1946) 63 R.P.C. 39
1009,BCC,[2001] B.C.C. 591
1010,Case C,Case C-265-00
1011,Cases C,Cases C-217/13
1012,ECR I,[2001] E.C.R. I-6959
1013,EMLR,[2002] E.M.L.R. 28
1014,ETMR,[2006] E.T.M.R. 74
1015,ETMR,[2014] E.T.M.R. 34
1016,ETMR,[2014] E.T.M.R. 17
1017,ETMR,[2015] E.T.M.R. 26
1018,ETMR,[2015] E.T.M.R. 26
1019,ETMR,[2012] E.T.M.R. 17
1020,ETMR,[2015] E.T.M.R. 16
1021,ETMR,[2015] E.T.M.R. 7
1022,Ch,[1992] Ch.421
1023,cases T,cases T-22/13
1024,case T,case T-153/08
1025,EWPCC,[2011] EWPCC 42
1026,EWHC  CH,[2010] EWHC 925 (CH)
1027,Case C,Case C-51/10
1028,ETMR,[2008] ETMR 41
1029,EWHC  Ch,2017 EWHC 2142 (Ch)
1030,ECDR,[2012] ECDR 25
1031,EWPCC,[2013] EWPCC 23
1032,US,475 U.S. 643
1033,CalRptrd,159 Cal.Rptr.3d 444
1034,F,63 F. 438
1035,CalAppth,193 Cal.App.4th 1222
1036,CalAppth,193 Cal.App.4th 1222
1037,Cal App th,84 Cal. App. 4th 64
1038,US,534 U.S. 279
1039,LEdd,151 L.Ed.2d 755
1040,Cal Rptr d,123 Cal. Rptr. 3d 429
1041,CalAppth,173 Cal.App.4th 209
1042,Cal Rptr d,92 Cal. Rptr. 3d 534
1043,Cases C,Cases C-236/08
1044,Case C,Case C 558/08
1045,ETMR,[2009] E.T.M.R. 5
1046,ETMR,[2011] E.T.M.R. 1
1047,EWHC  Pat,[2013] EWHC 1925 (Pat)
1048,Ch,[1913] 2 Ch. 239
1049,QB,[1895] 2QB 315
1050,RPC,(1932) 49 R.P.C. 461
1051,RPC,(1948) 65 RPC 203
1052,ICR,[1987] I.C.R. 464
1053,Case C,Case C683/17
1054,EWHC  QB,[2017] EWHC 432 (QB)
1055,ETMR,[2005] ETMR 10
1056,RPC,(1889) 6 RPC 531
1057,Case C,Case C- 375/97
1058,cases T,cases T183/02
1059,EWPCC,[2012] EWPCC 13
1060,EWPCC,[2011] EWPCC 42
1061,RPC,(1928) 45 RPC 1
1062,Cases C,Cases C-414/99
1063,PD,(1889) 14 PD 64
1064,Lloyds Rep,[1978] 2 Lloyds Rep 55
1065,Lloyds Rep,[1999] 1 Lloyds Rep 387
1066,Lloyds Rep,[1996] 2 Lloyds Rep 524
1067,Lloyds Rep,[1997] 1 Lloyds Rep 424
1068,VesJun,(1802) 6 Ves.Jun. 714
1069,Ph,(1845) 1 Ph. 509
1070,AC,(2008) 1 AC 281
1071,Strange,[1722] 1 Strange 505
1072,TC,1) TC13
1073,TC,1) TC21
1074,TC,1) TC21
1075,TC,1) TC21
1076,Times  January,"Times, 26 January 1990)"
1077,SCR,[1994] 3 SCR 1022
1078,CLR,(2000) 203 CLR 503
1079,EWHC  Comm,[2014 EWHC 3990 (Comm)
1080,AC,[1992] 1A.C.58
1081,St Tr,(1765) 19 St Tr 1030
1082,PIQR Q,[1993] PIQR Q1
1083,The Times June,"The Times June 19, 1992)"
1084,TC,3) TC 39
1085,EWHC  Ch,"[2003] EWHC 2178, Ch"
1086,NE,129 NE 889
1087,KB,[1923] 2K.B 500
1088,AC,[1994] 1AC 85
1089,Ch,1998 Ch 439
1090,CH,[1977] CH 106
1091,WLR,[1976] 1 WLR 989
1092,WLR,[1994] 1 W.L.R 938
1093,WLR,[1993] 1WLR 1361
1094,WLR,[1995] 1WLR 269
1095,ER,102 ER 1142
1096,ER,102 E.R 1142
1097,All ER,[2009] 3 All ER 27
1098,Lloyds rep,[1992] 1 Lloyds rep 7
1099,Lloyds rep,[1993] 2 Lloyds rep 503
1100,Lloyds Rep,1961 2 Lloyds Rep 512
1101,say,say 2
1102,say,say 3
1103,JLR,[1993] JLR 117
1104,CLR,175 CLR 353
1105,CLR,176 CLR 344
1106,CLR,(1954) 90 CLR 613
1107,LRQB,[1873] LR7QB 157
1108,LR  CP,[1871] LR 6 CP 78
1109,LRLR,[1997] 1 LRLR 24
1110,EG,(2006) 25 EG 210
1111,Build LR,[1992] 62 Build LR 95
1112,EWHC  Comm,2008] EWHC 1186 (Comm)
1113,EWHC  Ch,[2009] EWHC 1330 (Ch.)
1114,AC,[1940] AC412
1115,Ch,[1966] Ch. 146
1116,Ch,[1966] Ch. 146
1117,Ch,[1991] Ch. 448
1118,Ch,[1992] Ch. 421
1119,Ch,[1902] 1 Ch. 507
1120,WLR,[1974] 1WLR 1308
1121,PIQR,[1998] P.I.Q.R. 324
1122,LR  PC,(1874) LR 5 PC 221
1123,EMLR,[1993] E.M.L.R. 61
1124,ALR,(1987) 69 ALR 577
1125,Lloyds Rep,[2003] 2 Lloyd's Rep. 356
1126,CLC,[2013] 1 CLC 662
1127,CLR,(1983) 152 CLR 406
1128,BusLR,[2007] Bus.LR 1052
1129,say,"say, 5"
1130,CSOH,[2018] CSOH 112
1131,EWHC Comm,[2015] EWHC 405(Comm)
1132,EWCA Civ,2020 EWCA Civ 594
1133,EWCA Civ,2011 EWCA Civ 123
1134,EWCA Civ,2020 EWCA Civ 1690
1135,AC,1997 AC 254
1136,AC,2020 AC 780
1137,WLR,2014 1 WLR 3926
1138,WLR,2012 1 WLR 1804
1139,WLR,2003 1 WLR 2557
1140,WLR,2019 1 WLR 637
1141,WLR,2015 1 WLR 2565
1142,WLR,2010 1 WLR 785
1143,say,say 3
1144,UKSC,2018 UKSC 12
1145,LT,(1927) 138 LT 386
1146,LT,(1927) 138 LT 386
1147,LGR,[1987] 86 LGR 83
1148,WLR,[1984]1 WLR 704
1149,INLR,[2003] INLR 196
1150,WLR,2019 1 WLR 6527
1151,PD,(1889) 14 PD 64
1152,Lloyds Reports,[2015] 1 Lloyds Reports 381
1153,Hare,(1843) 3 Hare 100
1154,say,"say, 18"
1155,say,"say, 18"
1156,say,"say, 18"
1157,UKSC,2021] UKSC 1
1158,SC,2021] SC 1
1159,SGCA,[2013] SGCA 43
1160,SCLR,2012 SCLR 114
1161,State Tr,(1776) 20 State Tr 355
1162,SLR,[2012] 4 SLR 1267
1163,say,say 25
1164,ALR,(1985) 60 ALR 1
1165,Lloyds Rep,1 Lloyds Rep 482
1166,Case C,Case C300/95
1167,Case C,Case C/503/13
1168,EWCA Civ,[2014] EWCA Civ.906
1169,TC,6) TC34
1170,EWHC  QB,2009] EWHC 909 (QB)
1171,EWHC QB,[2016] EWHC 3005(QB)
1172,EWHC  QB,2016] EWHC 1605 (QB)
1173,AC,[2013] 1AC 78
1174,WLR,[1990] 1WLR 472
1175,QBD,(1883) 11 QBD 440
1176,The Times  February,The Times 16 February 1995
1177,The Times  July,The Times 2 July 1992
1178,PIQR P,[2003] PIQR P9
1179,PIQR P,[2014] PIQR P19
1180,PIQR P,[1992] PIQR P373
1181,PIQR P,[1998] PIQR P 407
1182,Lloyds Rep Med,[1998] Lloyd's Rep Med 146
1183,Lloyds Rep Med,[2000] Lloyd's Rep Med 247
1184,F,1F1
1185,F,1F1
1186,F,1F1
1187,F,1F1
1188,F,1F1
1189,ALR,(1983) 44 ALR 607
1190,R,(1893) 6 R 67
1191,TC,14] TC 34
1192,UKIAT,[2004] UKIAT 321
1193,EWHC QB,[2007] EWHC 274(QB)
1194,say,say 24
1195,say,"say, 25"
1196,PIQR Q,[2006] PIQR Q1
1197,EWHC  Pat,[2012] EWHC 1848 (Pat)
1198,EWHC  Pat,[2009] EWHC 343 Pat)
1199,EWCA Civ,[2004] EWCA (Civ) 1021
1200,RPC,(1910) 27 RPC 209
1201,RPC,(1943) 60 RPC 135
1202,EWHC  pat,[2002] EWHC 471 (pat)
1203,RPC,(1886) 3 RPC 199
1204,RPC,(1910) 27 RPC 209
1205,RPC,(1943) 60 RPC 135
1206,say,say) 123
1207,say,"say, 40"
1208,say,say) 8
1209,or,1 or 2
1210,RPC,(1913) 30 RPC 465
1211,RPC,[1997] R.P.C. 289
1212,RPC,[2004] R.P.C. 38
1213,RPC,[1991] R.P.C. 553
1214,say,"say, 100"
1215,EWHC  Pat,[2009] EWHC 1160 (Pat)
1216,EWCA Civ,[2010] EWCA (Civ) 1110
1217,US,264 U.S. 52
1218,CP Rep,[2002] C.P. Rep. 14
1219,EWCA Civ,[2004] EWCA (Civ) 1021
1220,say,say 1
1221,Case C,Case C62/86
1222,Case,Case 27/76
1223,say,say 1
1224,Case C,Case C616/10
1225,Case C,Case C457/10
1226,Case,Case 27/76
1227,al,"al., 30"
1228,QBD,24 QBD 103
1229,App Cas,(1879) 4 App Cas 801
1230,NLJ,149 NLJ 1734
1231,RPC,(1935) 52 RPC 171
1232,lane,lane 1
1233,EWHC  Pat,[2010] EWHC 294 (Pat)
1234,Lloyds Rep,[1993] 2 Lloyds Rep 68
1235,Case C,Case C106/89
1236,RPC,(1907) 24 R.P.C. 539
1237,Case C,"], Case C-245/02"
1238,Case C,"], Case C-245/02"
1239,Case C,"], Case C-48/05"
1240,Case C,Case C206/01
1241,Cases C,Cases C-236/08
1242,Case C,Case C120/04
1243,Case C,"], Case C59/08"
1244,Case C,Case C533/06
1245,Case C,Case C252/07
1246,Case C,"], Case C-100/02"
1247,LR  Ch App,(1871) L.R. 6 Ch. App. 239
1248,ETMR,[2011] ETMR 1
1249,EWHC  Pat,[2008] EWHC 2413 (Pat)
1250,say,say 5
1251,F,5F1
1252,EWCA Civ,[2004] EWCA (Civ) 1021
1253,al,al. (58)
1254,EWCA  Civ,[2014] EWCA 1335 (Civ)
1255,say,say) 3
1256,EWHC QB,[2007] EWHC 2444(QB)
1257,WLR,[2004] 1WLR 3206
1258,WLR,[2006] 1WLR 1945
1259,Ll L Rep,(1920) 2 Ll L Rep 273
1260,P,[1907] P.36
1261,P,[1907] P.36
1262,P,[1907] P. 259
1263,PD,(1886) 11 PD 117
1264,PD,(1886) 11 PD 117
1265,PD,(1886) 11 PD 117
1266,Lloyds Rep,[1962] 1 Lloyd’s Rep.24
1267,Lloyds Rep,[1962] 1 Lloyd’s Rep.24
1268,Lloyds Rep,[1953] 1 Lloyd’s Rep.501
1269,Ll L Rep,(1948) 81 Ll. L. Rep. 306
1270,Ll L Rep,(1948) 81 Ll. L. Rep. 306
1271,Ll L Rep,(1948) 81 Ll. L. Rep. 306
1272,Ll L Rep,[1933] 47 Ll. L. Rep. 274
1273,Ch D,(1886) 34 Ch D. 234
1274,PD,(1883) 8 PD 137
1275,App Cas,(1883) 8 App Cas. 559
1276,PD,(1884) 9 PD 182
1277,Lloyds Rep,1978] 2 Lloyd’s Rep. 27
1278,Lloyds Rep,[1999] 1 Lloyd's Rep. 883
1279,LlLRep,(1925) 22 Ll.L.Rep 271
1280,P,[1968] P. 449
1281,Ch,[1994] Ch. 205
1282,NLJ,149 NLJ 1734
1283,P,[1920] P.30
1284,AC,1984] 1 AC 580
1285,AC,1984] 1 AC 580
1286,ER,(1835) 166 ER 390
1287,PD,(1880) 5 PD 197
1288,EWHC  Comm,[2008] EWHC 2257 (Comm)
1289,Lloyds Rep,[1985] 1 Lloyd's Rep. 1
1290,Lloyds Rep,[2010] 1 Lloyd’s Rep 384
1291,EWHC  Fam,2010 EWHC 1544 (Fam)
1292,EWHC Fam,2007] EWHC136 (Fam)
1293,UKHL,2009 UKHL 42
1294,EWHC  COP,2011 EWHC 101 (COP)
1295,EWHC  COP,2012 EWHC 49 COP
1296,SLT,[1994] SLT 599
1297,EWHC  Fam,[2012] EWHC 1370 Fam.
1298,EWHC  Fam,[2005] EWHC 144 Fam
1299,EWHC  Fam,[2009] EWHC 2115 Fam.
1300,EWHC  Fam,[2007] EWHC 136 Fam
1301,EWHC  Fam,[2007] EWHC 2003 Fam
1302,WLR,1964] 1 WLR 451
1303,UKSC,[2013] UKSC67
1304,FCR,[2014] 1 FCR 209
1305,BMLR,(1999) 53 BMLR 66
1306,FLR,2002] 1 FLR 755
1307,TLR,1 TLR 338
1308,EWHC  Fam,[2004] EWHC 2808 (Fam
1309,FCR,[2013] 2 FCR 77
1310,WTLR,[2009] WTLR 315
1311,Ch D,(1887) 36 Ch D 145
1312,EWHC  Fam,2007] EWHC 2003 (Fam)
1313,WLR,[2011] 1WLR 344
1314,WLR,[2011] 1WLR 344
1315,FLR,2013 1 FLR 677
1316,US,250 US 616
1317,EWCOP,2020] EWCOP 4
1318,EWCOP,2020] EWCOP 4
1319,Case C,Case C-497/10
1320,EWHC  Fam,[2012] EWHC 1370 Fam
1321,EWHC  Fam,[2012] EWHC 2647 Fam
1322,EWHC  Fam,[2005] EWHC 144 Fam
1323,EWHC  Fam,[2014] EWHC 3 Fam
1324,EWHC  Fam,[2013] EWHC 3064 Fam
1325,TLR,1 TLR 338
1326,WLR,[2015] 1WLR 3647
1327,WLR,[2015] 1WLR 3647
1328,JC,2000 JC 111
1329,KB,(1931) 2 KB 21
1330,App Cas,(1881) 6 App Cas 114
1331,Add,(1826) 3 Add 210
1332,FLR,(2009) 1 FLR 443
1333,FLR,(2009) 1 FLR 443
1334,FLR,(2009) 1 FLR 443
1335,FLR,(2009) 1 FLR 443
1336,FLR,(2002) 1 FLR 217
1337,FLR,(2007) 1 FLR 399
1338,FLR,(2006) 2 FLR 968
1339,FLR,(2007) 1 FLR 444
1340,EWHC  COP,(2011) EWHC 1377 (COP)
1341,US,533 US 1
1342,Exch,(1848) 2 Exch 167
1343,Moore,(1859) 13 Moore 22
1344,Ex,(1848) 2 Ex. 167
1345,Ex,(1848) 2 Ex. 167
1346,TLR,(1948) 64 TLR 150
1347,SAAMCO,SAAMCO)
1348,CLC,[1999] CLC 1469
1349,CLC,[2013] 1 CLC 596
1350,SAAMCO,SAAMCO
1351,CLR,(1984) 156 CLR 41
1352,CLR,(1929) 42 CLR 384
1353,NSWCA,[2011] NSWCA 389
1354,LR  ChApp,L.R. 10 Ch.App. 515
1355,LR  Ch App,(1875) LR 10 Ch App. 515
1356,LR  Ch App,(1875) LR 10 Ch App 515
1357,CLC,[2006] 2 CLC 844
1358,US,342 US 165
1359,US,297 US 278
1360,AC,[2006] 2AC 221
1361,WLR,[2009] 1WLR 2579
1362,WLR,[2009] 1WLR 2579
1363,App Cas,(1884) 9 App Cas 519
1364,Ch D,(1879) 13 Ch D 696
1365,Keen,(1839) 2 Keen 319
1366,QBD,(1876) 2 QBD 69
1367,PD,(1879) 4 P.D. 129
1368,Case C,Case C97/06
1369,App Cas,(1876) 1 App Cas 632
1370,App Cas,1 App. Cas. 632
1371,RPC,(1923) 40 RPC 107
1372,App Cas,14 App Cas 337
1373,CLC,[2003] 2 CLC 802
1374,CLC,[2003] 2 CLC 802
1375,CLC,[2003] 2 CLC 802
1376,CLC,[2013] 1 CLC 123
1377,Cases C,Cases C-509/09
1378,Case C,Case C406/92
1379,case C,case C-39/02
1380,CLC,[1999] CLC 1075
1381,CLC,[1998] CLC 61
1382,CLC,[1996] CLC 211
1383,Case,Case 145/86)
1384,Case,Case 12/76)
1385,Case,Case 144/86)
1386,Lloyds Rep,1 Lloyd’s Rep 490
1387,US,545 US 913
1388,WLR,[1966] 1WLR 1234
1389,Cases C,Cases C-403/08
1390,Cases C,Cases C-431/09
1391,Case C,Case C283/10
1392,Case C,Case C466/12
1393,Case C,Case C265/16
1394,ECDR,[2015] ECDR 1
1395,ECDR,[2014] ECDR 7
1396,EWHC  Admin,[2015] EWHC 2705 (Admin
1397,UKIAT,[2004] UKIAT 321
1398,UKIAT,[2002] UKIAT 05237
1399,Ch,[1965] Ch. 992
1400,Ch,[1965] Ch. 992
1401,WN,[1951] WN 247
1402,say,"say, 51"
1403,B C L C,[2000] 2. B. C. L. C. 461
1404,CLR,(1995) 182 C.L.R. 544
1405,AC,[1983] 2AC 773
1406,UKSC,[2016] UKSC9
1407,CLR,(1961) 105 CLR 569
1408,NIQB,[2007] N.I.Q.B. 62
1409,Case C,Case C723/17
1410,Case C,Case C290/15
1411,Env LR,[2004] Env. L.R. 29
1412,Env LR,[2016] Env. L.R. 7
1413,Env LR,[2016] Env. L.R. 1
1414,Env LR,[2001] Env. L.R. 22
1415,Env LR,[2001] Env. L.R. 22
1416,Env LR,[2003] Env. L.R. 22
1417,Env LR,[2012] Env. L.R. 22
1418,Env LR,[2016] Env. L.R. 2
1419,Env LR,[2008] Env. L.R. 23
1420,Env LR,[2015] Env. L.R. 28
1421,Env LR,[2015] Env. L.R. 3
1422,Env LR,[1994] Env. L.R. 298
1423,PTSR,[2013] P.T.S.R. 51
1424,EWHC Ch,[2002] EWHC 881(Ch)
1425,US,392 US 481
1426,Case C,Case C360/92
1427,Case C,Case C459/99
1428,Case C,Case C398/09
1429,Case,Case 199/82
1430,INLR,[1999] INLR 441
1431,INLR,[2010] INLR 178
1432,Imm AR,[1999] Imm AR 415
1433,Imm AR,[2000] Imm AR 96
1434,EWHC  Ch,[2014] EWHC 868 (Ch
1435,EWHC Ch,[2001] EWHC Ch 397
1436,say,"say, 25"
1437,case C,case C-446/04
1438,case C,case C-35/11
1439,case C,case C-6/90
1440,cases C,cases C-46/93
1441,cases C,cases C-397/98
1442,case C,case C-374/04
1443,cases C,cases C113-10
1444,ECR,[1982] ECR 53
1445,Case,Case 199/82)
1446,Case,Case 8/81)
1447,Cases C,Cases C-20/00
1448,Cases C,Cases C-120/06
1449,HCA,[2012] HCA 43
1450,ETMR,[2002] ETMR 7
1451,EWHC  CH,[2003] EWHC 1002 (CH)
1452,TLR,37 TLR 884
1453,East,(1802) 2 East 469
1454,say,say (1)
1455,Cases C,Cases C-397/98
1456,CLR,102 C.L.R. 108
1457,CLR,102 CLR 108
1458,CLR,(1994) 182 CLR 51
1459,LR  CP,(1873) LR 8 CP 107
1460,Med LR,[1994] 5 Med LR 170
1461,EWHC  Admin,[2014] EWHC 1495 Admin.
1462,WLR,[2009] 1WLR 310
1463,Crim LR,[2006] Crim LR 79
1464,EWHC  Admin,[2009]EWHC 231 (Admin)
1465,Times November,"Times November 27, 1991)"
1466,JP,(1996) 161 JP 107
1467,F,3F.1
1468,F,3F.5
1469,F,3F.7
1470,Cr App R,[2002] 2 Cr. App. R. 35
1471,Cr App R,[2002] 2 Cr. App. R. 35
1472,Cr App R,[2005] 2 Cr. App. R. 1
1473,Cr App R,[2006] 1 Cr. App. R. 25
1474,Cr App R,[1996] 2 Cr. App. R. 282
1475,Cr App R,[1998] 1 Cr. App. R. 79
1476,Cr App R,[1998] 1 Cr. App. R. 79
1477,Cr App R,[2002] 2 Cr. App. R. 9
1478,Cr App R,[2009] 1 Cr. App. R. 30
1479,Cr App R,[2010] 2 Cr. App. R. 27
1480,Cr App R,[2010] 2 Cr. App. R. 27
1481,Cr App R,[2008] 1 Cr. App. R. 21
1482,Cr App R,[2010] 2 Cr App R 27
1483,Cr App R,[2005] 2 Cr. App. R. 20
1484,Cr App R,[2005] 2 Cr. App. R. 20
1485,Cr App R,[2005] 1 Cr. App. R. 13
1486,Cr App R,[2005] 1 Cr. App. R. 3
1487,Cr App R,[2005] 1 Cr. App. R. 3
1488,Cr App R,[2007] 1 Cr. App. R. 31
1489,US,543 U.S. 551
1490,S Ct,130 S. Ct. 2011
1491,S Ct,132 S. Ct. 2455
1492,US,543 US 551
1493,WLR,[2014] 1 WLR 1234
1494,App Cas,(1889) 14 App Cas 337
1495,Crim LR,[1994] Crim LR 527
1496,EWHC  QB,[2011] EWHC 764 QB
1497,KB,(1902) 2KB 427
1498,Cr App R,[1989] 89 Cr App R 290
1499,EWHC  Admin,[2015] EWHC 48 (Admin)
1500,Times November,"Times November 27, 1991)"
1501,JP,(1996) 161 JP 107
1502,EWCA CRIM,[2015] EWCA CRIM 1567
1503,EWCA CRIM,[2018] EWCA CRIM 516
1504,EWCA CRIM,[2019] EWCA CRIM 495
1505,EWCA Crim,2018 EWCA Crim 516
1506,EWCA Crim,2014 EWCA Crim 2064
1507,EWCA Crim,2010 EWCA Crim 4
1508,EWCA Crim,2013 EWCA Crim 424
1509,EWCA Crim,2011 EWCA Crim 1938
1510,EWCA Crim,2010 EWCA Crim 1824
1511,EWCA Crim,2010 EWCA Crim 1926
1512,F,3F.1
1513,F,3F.5
1514,F,3F.5
1515,F,3F.7
1516,F,3F.10
1517,F,3F. 12
1518,F,3F.12
1519,F,3F.14
1520,F,3F.17
1521,F,3F. 23
1522,F,3F.27
1523,D,6D.1
1524,D,6D.2
1525,Cr App R,[2002] 2 Cr. App. R. 35
1526,Cr App R,[2002] 2 Cr. App. R. 35
1527,Cr App R,[1998] 1 Cr. App. R. 79
1528,Cr App R,[2009] 1 Cr. App. R. 30
1529,Cr App R,[2015] 1 Cr. App. R. 33
1530,Cr App R,[2002] 2 Cr. App. R. 9
1531,Cr App R,[2010] 2 Cr. App. R. 27
1532,Cr App R,[2010] 2 Cr. App. R. 27
1533,Cr App R,[2008] 1 Cr. App. R. 21
1534,Cr App R,[2010] 2 Cr App R 27
1535,Cr App R,[2005] 2 Cr. App. R. 20
1536,Cr App R,[2005] 2 Cr. App. R. 20
1537,Cr App R,[2005] 1 Cr. App. R. 13
1538,Cr App R,[2005] 1 Cr. App. R. 3
1539,Cr App R,[2005] 1 Cr. App. R. 3
1540,Cr App R,[2007] 1 Cr. App. R. 31
1541,Crim LR,[1988] Crim LR 384
1542,JP,(2010) 174 JP 342
1543,NICA,[2007] NICA 4
1544,US,355 US 184
1545,QB,[1966] 1QB 589
1546,CLR,153 CLR 317
1547,CLR,153 CLR 317
1548,HCA,[1984] HCA 8
1549,HCA,[1984] HCA 8
1550,HCA,[1998] HCA 57
1551,IESC,[2008] IESC37
1552,Cr App R,[1991] 93 Cr App R 287
1553,EWCA  Crim,[2004] EWCA 1 Crim.
1554,EWCA Crim,[2010] EWCA Crim. 126
1555,FLR,[2006] 2FLR 1071
1556,EWCA  Civ,[2017] EWCA 1306 (Civ)
1557,FLR,1996 2 FLR 214
1558,US,364 US 51
1559,QBD,(1889) 23 QBD 168
1560,Fam Law,[1988] Fam Law 254
1561,Fam Law,[1988] Fam Law 254
1562,Fam Law,[1988] Fam Law 254
1563,Fam Law,[1988] Fam Law 254
1564,Fam Law,[1988] Fam. Law 254
1565,WLRD,[2012] WLR(D) 239
1566,EWCA Civ,[2017]EWCA Civ 1306
1567,All ER,"[2001] 1 All ER, 1"
1568,FCR,[2011] 3 FCR 523
1569,EWHC  Fam,[2013] EWHC 3064 (Fam)
1570,EWCA Civ,[2019] EWCA Civ 1482
1571,FLR,(1980) 1 FLR 62
1572,EWHC  Fam,[2013] EWHC 3064 (Fam)
1573,EWHC  Fam,[2011] EWHC 1715 Fam)
1574,PIQR P,[1998] PIQR P324
1575,EWHC  Fam,[2013] EWHC 1569 (Fam)
1576,EWHC  Fam,[2011] EWHC 1715 Fam)
1577,FLR,(1994) 1 FLR 729
1578,FLR,(1997) 2 FLR 48
1579,EWCA Civ,[2004] EWCA Civ.567
1580,FLR,[2004] 2FLR 838
1581,Flr,[1996] 1Flr 667
1582,Hare,(1843) 3 Hare 100
1583,SC HL,1988 SC (HL) 28
1584,FLR,(1982) 3 FLR 330
1585,EWCA Civ,2016 EWCA Civ. 793
1586,CLC,[2020] 1 CLC 90
1587,US,222 US 473
1588,ER,67 ER 1
1589,ER,64 ER 804
1590,Hare,(1842) 2 Hare 1
1591,Hare,2 Hare 1
1592,SC HL,1926 SC (HL) 13
1593,CLC,[2015] 1 CLC 706
1594,CLC,[2015] 1 CLC 706
1595,NSWCA,[2001] NSWCA 87
1596,LR  Eq,(1872) LR 14 Eq 322
1597,CLC,[1996] CLC 1902
1598,CLC,[1996] CLC 1902
1599,ALR,(1985) 63 ALR 466
1600,HKCFI,[2020] HKCFI 679
1601,TLR,(1896) 13 TLR 110
1602,TLR,(1896) 13 TLR 110
1603,QBD,22 QBD 577
1604,EWCA Civ,[2001] EWCA Civ1117
1605,EWCA Civ,[2008] EWCA Civ1459
1606,Costs LR,[2001] 1 Costs LR 1
1607,Beav,11 Beav 603
1608,say,say 5
1609,WLR,1992 1 WLR 530
1610,all ER,[1976] 3 all ER 474
1611,FLR,"[1999] 1FLR, 152"
1612,FLR,2008 2 FLR 1311
1613,FCR,[2012] 3 FCR 73
1614,FLR,[1994] 2FLR 479
1615,FLR,[2004] 1 FLR 855
1616,Ac,[2003] 1 Ac 469
1617,App Cas,14App. Cas 337
1618,Ch D,(1884) 29 Ch D 459
1619,HLC,(1864) 11 HLC 32
1620,ChD,(1888) 39 ChD 339
1621,AC,[2006] 1AC 207
1622,All ER,[1984] 1All ER 983
1623,ALL ER,[1995] 1 ALL ER 73
1624,say,say) 93
1625,Cases C,Cases C-6/90
1626,Cases C,Cases C-403/08
1627,Cases C,Cases C-52/97
1628,ECR,[1982] ECR 53
1629,Case,Case 8/81
1630,Case,Case 327/82
1631,Case,Case 82/77
1632,LGR,(1985) 84 LGR 168
1633,EWCA Civ,[2008] EWCA (Civ) 116
1634,say,"say, 60"
1635,EWCA Civ,[2002] EWCA Civ 548
1636,QB,[1972] 2 Q.B 71
1637,WLR,[1964] 1 W.L.R. 125
1638,Lloyds Rep,[1978] 2 Lloyd’s Rep 470
1639,Lloyds Rep,1988] 2 Lloyd’s Rep 427
1640,FSR,[1995] F.S.R 686
1641,say,say 150
1642,say,say 36
1643,SLT,[1987] S.L.T. 58
1644,say,"say, 17"
1645,Con LR,(1999) 66 Con LR 42
1646,Con LR,(2001) 83 Con LR 145
1647,CLR,(1988) 169 CLR 41
1648,App Cas,(1878) 3 App Cas 552
1649,R,(1877) 4 R 58
1650,R,(1877) 4 R 58
1651,SCLR,2012 SCLR 114
1652,AC,(1997) A.C. 313
1653,ER,128 ER 1046
1654,Taunt,(1815) 6 Taunt 289
1655,Cases C,Cases C-414/99
1656,say,say 2
1657,LRC,[2009] 1 LRC 496
1658,CLC,[2011] 1 C.L.C. 627
1659,CLC,[2000] CLC 916
1660,CLC,[2000] CLC 916
1661,BCC,(1986) 2 BCC 99
1662,EG,[1998] 26 EG 154
1663,per,224 per 100
1664,Jenkins,Jenkins1
1665,UKHL,[2006] UKHL 20
1666,AC,[2005]1 AC 134
1667,PIQR P,(2006) PIQR P22
1668,PIQR P,[1997] PIQR P1
1669,PIQR P,[2000] PIQR P213
1670,PIQR P,[2000] PIQR P213
1671,PIQR P,[1997] PIQR P235
1672,PIQR P,"[1992] PIQR, P373"
1673,Med LR,[1997] 8 Med LR 125
1674,Med LR,[1997] 8 Med LR 125
1675,Med LR,[1997] 8 Med LR 125
1676,Med LR,[1990] 1 Med LR 117
1677,Med LR,[1996] 7 Med LR 175
1678,Med LR,(1994) 5 Med LR 149
1679,BMLR,(1995) 29 BMLR 159
1680,EWCA Civ,2004 [EWCA] Civ 1579
1681,AC,[2003] 2AC 1
1682,KB,(1948) 1K.B.223
1683,AC,[1984] A.C.437
1684,AC,[1992 1 AC 58]
1685,AC,[1996] 1AC 74
1686,WLR,[2012] 1WLR 517
1687,WLR,[2003] 1WLR 1763
1688,WLR,[2000] 1WLR 2150
1689,The Times March,"The Times March 23, 1992"
1690,AC,[1964] AC 900
1691,QB,[1971] 1QB 406
1692,K B,[1949] 1 K B 550
1693,say,say 60
1694,UKHRR,[2003 UKHRR76]
1695,LRC,1995 (3) LRC 494
1696,RPC,(2004) RPC 46
1697,RPC,(1894) 11 RPC 519
1698,P,[1921] P. 458
1699,P,[1921] P. 458
1700,Lloyds Rep,[1986] 2 Lloyd’s Rep.79
1701,Lloyds Rep,[1986] 2 Lloyd’s Rep.79
1702,Lloyds Rep,2001 2 Lloyd’s Rep. 291
1703,CLC,[2001] CLC 1545
1704,CLC,[2001] CLC 1545
1705,EWCA Civ,[2004] EWCA Civ 1007
1706,Lloyds Rep,[1982] 2 Lloyd's Rep. 356
1707,Lloyds Rep,[1982] 2 Lloyd's Rep. 356
1708,SCHL,1926 S.C.(H.L.) 13
1709,SCHL,1926 S.C.(H.L.) 13
1710,SC HL,1926 S.C. (H.L.) 13
1711,SLT,1982 S.L.T. 131
1712,HKLRD,[2009] 1 HKLRD 144
1713,SGHC,[2012] SGHC 22
1714,SGHC,[2012] SGHC 22
1715,Fam,[1999] (Fam) 26
1716,WLR,[2011] 1WLR 344
1717,Hare,(1850) 8 Hare 301
1718,Case,Case 179/84)
1719,say,"say, 6"
1720,Cases T,Cases T-25/95
1721,Case T,Case T1/89
1722,Cases C,Cases C-2/01
1723,Cases T,Cases T-44/00
1724,Case,Case 106/83
1725,Case,Case 106/83
1726,ECR II,[1991] ECR II- 867
1727,EWCA Civ,[2004] EWCA] Civ 157
1728,Ch D,(1881) 17 Ch D 301
1729,App Cas,(1884) 9 App Cas 187
1730,App Cas,(1889) 14 App Cas 337
1731,App Cas,(1889) 14 App Cas 337
1732,say,say 40
1733,NSWCA,[2003] NSWCA 331
1734,F,(1902) 5 F 120
1735,EG,(1981) 263 EG 61
1736,K B,[1910] 1 K B 56
1737,Cases C,Cases C-46/93
1738,Cases C,Cases C-46/93
1739,Cases C,Cases C-46/93
1740,CLR,102 CLR 108
1741,Case,Case 199/82
1742,Case,Case 199/82
1743,Case,Case 199/82)
1744,Case,Case 270/83
1745,Case,Case 106/89
1746,Case,Case 135/77
1747,US,351 US 377
1748,say,say) 100
1749,Case C,Case C27/76
1750,Case C,Case C105/04
1751,Case C,Case C 413/14
1752,Case C,Case C-501/11
1753,Cases T,Cases T-29/10
1754,Case,Case 395/87
1755,Case,Case 26/75
1756,QB,{1965] 1 QB 232
1757,WLR,[1993] 1WLR 782
1758,WLR,[1993] 1 WLR 782
1759,WLR,(1998) 2WLR 902
1760,The Times November,The Times November 3 1986
1761,PIQR P,[1997] PIQR P1
1762,PIQR P,[2001] PIQR P18
1763,PIQR,[1995] PIQR 470
1764,PIQR P,[1999] PIQR P77
1765,Med LR,[1995] 6 Med LR 32
1766,Med LR,[1997] 8 Med LR 154
1767,PIQR Q,[2001] PIQR Q9
1768,PIQR Q,[2001] PIQR Q10
1769,Costs LR,[2005] 1 Costs LR 104
1770,Imm AR,[1992] Imm AR 135
1771,F,293 F 1013
1772,US,509 US 579
1773,NICC,[2007] NICC 49
1774,Cr App Rep,[1997] 1 Cr App Rep 369
1775,Cr App R,[2001] 2 Cr App R 57
1776,UKHL,[2008] UKHL35
1777,QB,[1981] QB720
1778,NIQB,[2004] NIQB 67
1779,SC,1909 S.C. 807
1780,Med LR,[1993] 4 Med LR 1
1781,All ER,1998] 1 All ER 98
1782,PD,5PD 197
1783,ChD,23 ChD 330
1784,Lloyds Rep,[1983] 1 Lloyds Rep. 351
1785,Lloyds Rep,[1976] 2 Lloyds Rep.372
1786,Lloyds Rep,[1992] 2 Lloyds Rep 552
1787,Lloyds Rep,[1978] 1 Lloyds Rep 184
1788,Lloyds Rep,[1976] 2 Lloyds Rep 372
1789,Asp,(1880) 4 Asp 254
1790,AC,[2003] 1 AC 681
1791,CrAppR,[2002] 1 Cr.App.R. 34
1792,CrAppR,[2002] 1 Cr.App.R. 34
1793,CrAppR,[1997] 1 Cr.App.R. 86
1794,NZLR,[1995] 2 NZLR 30
1795,NZLR,[1995] 2 NZLR 30
1796,Lloyds Rep,(1942) 74 Lloyd’s Rep. 86
1797,SASR,(1989) 54 SASR 285
1798,AC,[2003] 2AC 366
1799,say,say 100
1800,Lloyds Rep,[1968] 2 Lloyds Rep 403
1801,Bing,(1830) 6 Bing. 460
1802,WLR,[1984] 1WLR 634
1803,SLT,[1955] SLT 213
1804,Ch,[1980] Ch. 496
1805,App Cas,3 App. Cas. 279
1806,Beav,[1841] 4 Beav. 115
1807,CLR,223 CLR 331
1808,LR  HL,[1873] LR 6 HL 83
1809,LR  HL,[1870] LR 4 HL 414
1810,LR  Ch App,[1867] LR 2 Ch App 282
1811,ALR,(2005) 219 ALR 48
1812,Ll L Rep,[1930] 37 Ll L Rep. 55
1813,HCA,[2005] HCA 54
1814,KB,[1905 1 KB 697
1815,Lloyds Rep,[2018] 1 Lloyd’s Rep.396
1816,Lloyds Rep,[1976] 2 Lloyd’s Rep.714
1817,Lloyds Rep,[1978] 1 Lloyd’s Rep.351
1818,Lloyds Rep,[2000] 2 Lloyd’s Rep.255
1819,Lloyds Rep,[2000] 2 Lloyd’s Rep.255
1820,Lloyds Rep,1 Lloyd’s Rep 209
1821,Lloyds Law Reports,[2017] 1 Lloyd’s Law Reports 521
1822,Lloyds Rep,[2018] 1 Lloyd's Rep. 356
1823,Lloyds Law Reports,[2003] 2 Lloyd’s Law Reports 50
1824,All ER Rep,[1933] All ER Rep 144
1825,say,say 60
1826,WLR,[2018} 1 W.L.R. 3697
1827,CrAppR,[2018] 1 Cr.App.R. 33
1828,Cr App Rep,(1993) 96 Cr App Rep. 1
1829,Cr App Rep,(1992) 94 Cr App Rep. 133
1830,CrAppR,[1998] 2 Cr.App.R. 16
1831,CrAppR,[2015] 2 Cr.App.R. 30
1832,CrAppR,[1998] 2 Cr.App.R 16
1833,IR,[1999] 1 IR 60
1834,Crim LR,[1972] Crim LR 547
1835,IR,[2006] 4 IR 88
1836,IR,[2006] 4 IR 88
1837,WLR,[2005] 1WLR 1660
1838,ALL ER,[2002] 3 ALL ER 534
1839,Lloyds Rep,[1993] 2 Lloyds Rep. 68
1840,FLR,1995 1 FLR 181
1841,SASR,[1984] 38 SASR 45
1842,CrAppR,[2004] 2Cr.App.R.7
1843,Cr App R,[2004] 2Cr. App. R.7
1844,Cr App R,[2002] 2 Cr. App. R. 30
1845,Cr App R,[1995] 2 Cr. App. R. 425
1846,Times Law Reports  October,"Times Law Reports, 29 October 1999"
1847,All ER D  April,[2002] All ER (D) 48 (April)
1848,say,"say, 5"
1849,Con LR,(1988) 18 Con LR 1
1850,Lloyds rep,[1956] 1 Lloyd’s rep. 557
1851,Lloyds Rep,[1998] 2 Lloyd’s Rep.301
1852,Lloyds Rep,[1983] 1 Lloyd’s Rep.203
1853,LlLRep,(1941) 70 Ll.L.Rep 251
1854,EWCA Crim,[2011] EWCA Crim 254
1855,Cr App R,[2006] 2 Cr. App. R. 23
1856,CrAppR,[2015] 2 Cr.App.R.27
1857,Cr App R,[2016] 1 Cr. App. R. 20
1858,Cr App R,[2015] 1 Cr. App. R. 33
1859,Lloyds Reports,[1953] 1 Lloyds Reports 239
1860,Lloyds Rep,[2001] 2 Lloyds Rep 419
1861,LT,(1869) 21 LT261
1862,Cr App R,[2008] 2 Cr. App. R 13
1863,Say,Say 3
1864,Say,Say 3
1865,say,"say, 3"
1866,Al,[Al 11
1867,Al,[Al 19]
1868,Al,[Al 72]
1869,Al,[Al 79]
1870,NSWLR,(1993) 31 NSWLR 227
1871,f,5) f 700
1872,f,5) f25
1873,f,5) f25
1874,f,5) f20
1875,f,5) f30
1876,f,5) f30
1877,SASR,[1984] 38 SASR 45
1878,Cr App R,[2006] 1 Cr App R5
1879,f,4f4
